,Instrument,Open Price,High Price,Low Price,Close Price,Date
0,IVV,286.03,289.2,285.55,288.19,2020-04-27
1,IVV,291.99,292.36,286.35,286.64,2020-04-28
2,IVV,292.5,295.84,291.38,294.13,2020-04-29
3,IVV,292.66,293.18,289.54,291.16,2020-04-30
4,IVV,286.19,286.93,282.44,283.53,2020-05-01
5,IVV,281.55,284.86,280.1,284.63,2020-05-04
6,IVV,287.53,290.2,286.67,287.14,2020-05-05
7,IVV,289.02,289.39,285.06,285.25,2020-05-06
8,IVV,288.7,290.7,288.09,288.63,2020-05-07
9,IVV,292.0554,293.87,290.805,293.46,2020-05-08
10,IVV,291.21,294.99,290.87,293.45,2020-05-11
11,IVV,294.73,295.17,287.46,287.47,2020-05-12
12,IVV,286.96,288.1199,279.87,282.54,2020-05-13
13,IVV,279.84,286.02,275.0,285.92,2020-05-14
14,IVV,283.34,287.23,282.25,287.16,2020-05-15
15,IVV,294.09,297.7,293.69,296.04,2020-05-18
16,IVV,295.34,297.17,292.92,292.99,2020-05-19
17,IVV,296.81,298.87,296.6,297.99,2020-05-20
18,IVV,297.79,298.66,294.69,295.81,2020-05-21
19,IVV,295.52,296.616,294.21,296.41,2020-05-22
20,IVV,302.99,303.2,299.71,300.17,2020-05-26
21,IVV,303.16,304.61,297.9068,304.55,2020-05-27
22,IVV,305.82,307.91,303.3,303.95,2020-05-28
23,IVV,303.47,305.99,300.58,305.18,2020-05-29
24,IVV,304.64,307.25,304.1,306.68,2020-06-01
25,IVV,307.65,309.23,306.17,309.23,2020-06-02
26,IVV,311.33,314.32,311.02,313.39,2020-06-03
27,IVV,312.18,314.12,310.17,312.34,2020-06-04
28,IVV,318.38,322.45,318.32,320.48,2020-06-05
29,IVV,321.23,324.55,320.81,324.4,2020-06-08
30,IVV,321.47,323.54,320.5216,322.01,2020-06-09
31,IVV,322.6,323.56,319.4,320.11,2020-06-10
32,IVV,312.57,313.1,301.08,301.59,2020-06-11
33,IVV,309.29,310.14,299.62,305.36,2020-06-12
34,IVV,297.79,308.05,296.49,306.89,2020-06-15
35,IVV,315.39,315.5,307.51,312.79,2020-06-16
36,IVV,313.9379,314.2,310.69,311.38,2020-06-17
37,IVV,309.82,312.13,309.36,311.62,2020-06-18
38,IVV,315.33,315.6,308.38,309.72,2020-06-19
39,IVV,309.17,312.24,307.95,311.94,2020-06-22
40,IVV,314.7,315.75,312.865,313.21,2020-06-23
41,IVV,311.04,311.73,303.36,305.3,2020-06-24
42,IVV,304.66,308.83,302.44,308.5,2020-06-25
43,IVV,307.35,307.56,300.62,301.14,2020-06-26
44,IVV,302.56,305.66,300.11,305.66,2020-06-29
45,IVV,305.18,311.409,305.05,309.69,2020-06-30
46,IVV,310.74,313.09,310.25,311.81,2020-07-01
47,IVV,315.49,316.91,312.72,313.45,2020-07-02
48,IVV,317.67,318.65,316.8,318.26,2020-07-06
49,IVV,316.59,318.75,314.6,314.98,2020-07-07
50,IVV,315.83,317.54,313.94,317.33,2020-07-08
51,IVV,318.21,318.33,311.89,315.72,2020-07-09
52,IVV,315.48,319.14,314.0,318.9,2020-07-10
53,IVV,321.35,323.9699,315.38,316.07,2020-07-13
54,IVV,314.52,320.59,313.24,320.17,2020-07-14
55,IVV,323.69,324.32,320.53,323.16,2020-07-15
56,IVV,321.05,322.5,320.35,322.04,2020-07-16
57,IVV,323.15,323.85,321.01,322.99,2020-07-17
58,IVV,322.69,326.36,321.901,325.66,2020-07-20
59,IVV,327.75,328.22,325.26,326.25,2020-07-21
60,IVV,325.91,330.06,325.79,328.17,2020-07-22
61,IVV,327.72,328.52,322.75,324.2,2020-07-23
62,IVV,322.2,323.27,320.55,322.13,2020-07-24
63,IVV,322.89,324.69,322.0595,324.5,2020-07-27
64,IVV,323.67,324.93,322.14,322.5,2020-07-28
65,IVV,323.41,327.015,323.36,326.38,2020-07-29
66,IVV,323.19,325.71,320.9,325.26,2020-07-30
67,IVV,327.21,327.89,322.63,327.82,2020-07-31
68,IVV,329.66,330.93,329.0639,330.11,2020-08-03
69,IVV,329.19,331.4,329.19,331.3,2020-08-04
70,IVV,332.83,333.7,332.52,333.45,2020-08-05
71,IVV,332.85,335.81,332.48,335.71,2020-08-06
72,IVV,334.6,336.18,333.6507,335.95,2020-08-07
73,IVV,336.42,337.15,334.33,336.96,2020-08-10
74,IVV,338.24,338.88,333.38,334.14,2020-08-11
75,IVV,336.85,339.6403,336.8,338.8,2020-08-12
76,IVV,338.0,339.615,337.18,338.22,2020-08-13
77,IVV,337.7601,338.79,337.05,338.19,2020-08-14
78,IVV,339.32,339.72,338.87,339.28,2020-08-17
79,IVV,339.72,340.46,337.98,340.0,2020-08-18
80,IVV,340.4,340.999,338.02,338.62,2020-08-19
81,IVV,336.73,340.1505,336.59,339.66,2020-08-20
82,IVV,339.23,341.05,338.95,340.85,2020-08-21
83,IVV,343.52,344.42,342.45,344.35,2020-08-24
84,IVV,344.96,345.6,343.711,345.49,2020-08-25
85,IVV,346.11,349.27,345.58,349.0,2020-08-26
86,IVV,349.66,351.32,347.98,349.76,2020-08-27
87,IVV,350.89,352.19,349.66,352.0,2020-08-28
88,IVV,351.81,352.77,350.51,350.77,2020-08-31
89,IVV,351.68,354.18,350.7,354.06,2020-09-01
90,IVV,356.18,360.26,354.93,359.24,2020-09-02
91,IVV,357.38,357.8759,344.02,346.82,2020-09-03
92,IVV,347.6,349.29,336.26,343.98,2020-09-04
93,IVV,338.05,339.4,334.23,334.63,2020-09-08
94,IVV,338.98,343.89,337.98,341.18,2020-09-09
95,IVV,343.26,343.91,334.21,335.22,2020-09-10
96,IVV,337.12,338.27,332.35,335.38,2020-09-11
97,IVV,338.86,341.66,338.32,339.84,2020-09-14
98,IVV,342.52,343.42,340.4102,341.57,2020-09-15
99,IVV,342.95,344.47,339.95,340.21,2020-09-16
100,IVV,334.94,339.01,334.341,337.29,2020-09-17
101,IVV,338.17,338.21,330.64,333.34,2020-09-18
102,IVV,328.42,329.74,324.35,329.63,2020-09-21
103,IVV,331.2297,333.57,328.5,332.97,2020-09-22
104,IVV,332.09,332.38,323.22,323.75,2020-09-23
105,IVV,322.3177,327.9,320.92,324.6,2020-09-24
106,IVV,323.74,330.71,322.75,329.88,2020-09-25
107,IVV,334.36,336.1,333.31,335.36,2020-09-28
108,IVV,335.21,335.895,332.78,333.51,2020-09-29
109,IVV,334.34,339.4688,334.1,336.06,2020-09-30
110,IVV,338.83,339.87,336.18,338.24,2020-10-01
111,IVV,332.82,337.09,332.385,335.05,2020-10-02
112,IVV,337.21,341.12,337.2,340.9,2020-10-05
113,IVV,341.13,343.35,335.56,336.06,2020-10-06
114,IVV,339.28,342.8,339.28,341.9,2020-10-07
115,IVV,344.07,345.03,343.06,344.98,2020-10-08
116,IVV,346.79,348.54,346.09,348.01,2020-10-09
117,IVV,350.78,355.25,350.28,353.69,2020-10-12
118,IVV,353.51,353.6,350.33,351.39,2020-10-13
119,IVV,351.95,353.085,348.37,349.19,2020-10-14
120,IVV,344.92,349.24,344.31,348.76,2020-10-15
121,IVV,350.27,351.97,348.34,348.45,2020-10-16
122,IVV,349.88,350.52,342.2987,343.22,2020-10-19
123,IVV,344.67,348.1,343.89,344.57,2020-10-20
124,IVV,344.52,346.79,343.63,343.9,2020-10-21
125,IVV,344.2,346.45,341.88,345.86,2020-10-22
126,IVV,347.164,347.19,344.36,346.96,2020-10-23
127,IVV,343.32,344.19,336.81,340.59,2020-10-26
128,IVV,340.9267,341.3,339.16,339.43,2020-10-27
129,IVV,333.24,334.0,327.3,327.88,2020-10-28
130,IVV,328.1,334.54,326.26,331.15,2020-10-29
131,IVV,329.42,330.82,323.72,327.62,2020-10-30
132,IVV,331.38,333.5271,328.38,331.36,2020-11-02
133,IVV,334.86,339.43,334.35,337.28,2020-11-03
134,IVV,342.07,349.19,340.74,344.73,2020-11-04
135,IVV,350.54,353.445,350.1254,351.47,2020-11-05
136,IVV,351.17,352.76,348.95,351.44,2020-11-06
137,IVV,365.29,365.69,355.34,355.83,2020-11-09
138,IVV,354.77,356.42,351.8682,355.37,2020-11-10
139,IVV,357.66,358.86,356.4275,357.93,2020-11-11
140,IVV,356.85,357.69,352.54,354.52,2020-11-12
141,IVV,356.52,360.188,355.99,359.34,2020-11-13
142,IVV,362.34,363.87,360.93,363.8,2020-11-16
143,IVV,361.27,363.24,359.69,361.95,2020-11-17
144,IVV,362.21,362.82,357.53,357.59,2020-11-18
145,IVV,356.845,359.5,355.49,359.04,2020-11-19
146,IVV,358.79,359.04,356.53,356.63,2020-11-20
147,IVV,358.65,360.05,356.17,358.77,2020-11-23
148,IVV,361.52,365.1,360.5973,364.51,2020-11-24
149,IVV,364.4,364.48,362.8,363.99,2020-11-25
150,IVV,365.19,365.52,363.97,364.98,2020-11-27
151,IVV,364.18,364.39,360.5,363.32,2020-11-30
152,IVV,366.9,368.99,366.27,367.32,2020-12-01
153,IVV,366.16,368.27,365.55,368.1,2020-12-02
154,IVV,368.0199,369.5299,366.88,368.03,2020-12-03
155,IVV,368.68,371.2,368.6194,371.19,2020-12-04
156,IVV,370.43,370.99,369.12,370.5,2020-12-07
157,IVV,369.07,372.16,369.06,371.53,2020-12-08
158,IVV,372.28,372.42,367.325,368.28,2020-12-09
159,IVV,366.75,369.214,365.811,368.08,2020-12-10
160,IVV,366.27,367.93,364.615,367.62,2020-12-11
161,IVV,368.44,369.57,364.21,364.35,2020-12-14
162,IVV,367.14,369.35,365.69,369.31,2020-12-15
163,IVV,369.62,370.91,368.625,369.9,2020-12-16
164,IVV,371.69,372.195,369.8745,371.96,2020-12-17
165,IVV,372.36,372.48,368.36,370.49,2020-12-18
166,IVV,366.3,370.14,363.38,369.27,2020-12-21
167,IVV,369.49,369.67,367.42,368.56,2020-12-22
168,IVV,369.6301,370.955,368.7,368.88,2020-12-23
169,IVV,369.42,370.36,368.8098,370.31,2020-12-24
170,IVV,373.15,373.94,372.44,373.53,2020-12-28
171,IVV,375.15,375.4,372.2,372.81,2020-12-29
172,IVV,373.74,374.4309,372.95,373.3,2020-12-30
173,IVV,373.2,376.04,372.6,375.39,2020-12-31
174,IVV,376.69,376.82,366.16,370.22,2021-01-04
175,IVV,369.44,373.83,369.44,372.67,2021-01-05
176,IVV,371.02,378.37,370.46,374.92,2021-01-06
177,IVV,377.4711,381.26,377.28,380.47,2021-01-07
178,IVV,382.01,382.86,378.49,382.64,2021-01-08
179,IVV,379.23,381.92,379.125,380.14,2021-01-11
180,IVV,380.2,381.23,377.77,380.2,2021-01-12
181,IVV,380.12,382.24,379.24,381.16,2021-01-13
182,IVV,381.96,382.53,379.43,379.84,2021-01-14
183,IVV,378.09,378.92,375.082,377.1,2021-01-15
184,IVV,379.73,380.61,378.15,380.05,2021-01-19
185,IVV,382.52,386.19,382.11,385.28,2021-01-20
186,IVV,385.89,386.3781,384.67,385.62,2021-01-21
187,IVV,383.73,385.5,383.255,384.31,2021-01-22
188,IVV,385.12,386.18,379.88,385.84,2021-01-25
189,IVV,386.81,387.2,385.0,385.27,2021-01-26
190,IVV,381.63,381.7,373.43,375.87,2021-01-27
191,IVV,377.76,383.34,377.3,379.05,2021-01-28
192,IVV,377.06,378.01,369.65,371.52,2021-01-29
193,IVV,375.17,378.7499,372.7,377.6,2021-02-01
194,IVV,381.03,384.64,380.97,382.96,2021-02-02
195,IVV,383.87,385.11,381.91,383.26,2021-02-03
196,IVV,384.42,387.64,384.2,387.6,2021-02-04
197,IVV,389.69,389.89,387.95,389.12,2021-02-05
198,IVV,390.74,392.05,389.86,392.05,2021-02-08
199,IVV,391.11,392.35,386.33,391.72,2021-02-09
200,IVV,393.6001,393.73,388.99,391.56,2021-02-10
201,IVV,392.77,393.15,389.585,392.22,2021-02-11
202,IVV,391.3,394.38,391.24,394.18,2021-02-12
203,IVV,395.49,395.65,393.027,393.87,2021-02-16
204,IVV,391.9,394.09,390.8,393.92,2021-02-17
205,IVV,391.02,392.9884,389.21,392.25,2021-02-18
206,IVV,393.59,393.83,391.03,391.51,2021-02-19
207,IVV,388.5,391.08,388.22,388.53,2021-02-22
208,IVV,386.09,390.38,381.62,388.94,2021-02-23
209,IVV,387.72,393.67,386.74,393.21,2021-02-24
210,IVV,391.86,393.33,382.19,383.78,2021-02-25
211,IVV,385.79,387.02,379.61,381.77,2021-02-26
212,IVV,387.18,392.3833,387.01,391.03,2021-03-01
213,IVV,391.31,391.51,387.77,388.02,2021-03-02
214,IVV,387.27,388.25,382.73,382.84,2021-03-03
215,IVV,382.62,385.42,373.26,378.1,2021-03-04
216,IVV,381.87,386.21,374.02,385.07,2021-03-05
217,IVV,386.08,389.13,382.83,383.19,2021-03-08
218,IVV,387.3,391.37,386.79,388.59,2021-03-09
219,IVV,391.17,392.87,389.64,390.97,2021-03-10
220,IVV,393.728,397.14,393.2312,394.99,2021-03-11
221,IVV,393.57,395.72,392.67,395.61,2021-03-12
222,IVV,395.84,398.22,393.55,398.01,2021-03-15
223,IVV,398.61,399.36,396.5823,397.45,2021-03-16
224,IVV,396.04,399.65,394.81,398.75,2021-03-17
225,IVV,395.99,398.24,392.25,392.93,2021-03-18
226,IVV,392.68,394.33,389.92,392.2,2021-03-19
227,IVV,392.82,396.86,392.76,395.3,2021-03-22
228,IVV,394.69,396.24,391.41,392.22,2021-03-23
229,IVV,393.77,395.54,390.21,390.21,2021-03-24
230,IVV,387.41,392.0,385.34,391.12,2021-03-25
231,IVV,392.38,397.89,391.758,397.45,2021-03-26
232,IVV,395.86,398.2,394.27,397.25,2021-03-29
233,IVV,395.91,396.9,394.5,396.27,2021-03-30
234,IVV,396.8,399.48,396.79,397.82,2021-03-31
235,IVV,399.88,402.2,399.66,402.08,2021-04-01
236,IVV,404.99,408.48,404.91,407.85,2021-04-05
237,IVV,407.31,408.75,406.94,407.6,2021-04-06
238,IVV,407.43,408.48,406.99,408.11,2021-04-07
239,IVV,409.47,410.11,408.47,410.01,2021-04-08
240,IVV,409.94,413.2,409.8,412.98,2021-04-09
241,IVV,412.36,413.47,411.76,413.15,2021-04-12
242,IVV,413.06,415.08,412.66,414.36,2021-04-13
243,IVV,414.36,415.51,412.425,412.98,2021-04-14
244,IVV,415.25,417.72,415.25,417.42,2021-04-15
245,IVV,418.82,419.48,417.33,418.89,2021-04-16
246,IVV,417.8,418.32,415.35,416.84,2021-04-19
247,IVV,415.48,416.23,412.18,413.81,2021-04-20
248,IVV,413.0797,417.89,412.94,417.68,2021-04-21
249,IVV,417.43,418.34,412.71,413.97,2021-04-22
250,IVV,414.47,419.84,414.38,418.31,2021-04-23
251,IVV,419.04,419.81,418.59,419.25,2021-04-26
252,IVV,419.53,419.73,417.94,419.12,2021-04-27
253,IVV,419.38,420.6,418.5,418.96,2021-04-28
254,IVV,421.96,422.28,418.01,421.61,2021-04-29
255,IVV,419.23,420.133,417.93,418.88,2021-04-30
256,IVV,421.02,421.43,419.28,419.78,2021-05-03
257,IVV,417.68,418.17,413.2598,417.23,2021-05-04
258,IVV,418.94,419.21,416.53,417.29,2021-05-05
259,IVV,417.45,420.77,415.25,420.68,2021-05-06
260,IVV,421.51,424.43,420.77,423.73,2021-05-07
261,IVV,424.15,424.34,419.43,419.61,2021-05-10
262,IVV,414.68,416.84,411.61,415.87,2021-05-11
263,IVV,412.79,414.14,406.34,406.98,2021-05-12
264,IVV,408.61,413.9012,408.58,411.81,2021-05-13
265,IVV,414.7573,419.07,414.7573,418.17,2021-05-14
266,IVV,416.99,417.94,414.96,417.17,2021-05-17
267,IVV,417.39,417.63,413.35,413.58,2021-05-18
268,IVV,408.46,412.6,406.89,412.46,2021-05-19
269,IVV,413.37,418.2,413.26,416.82,2021-05-20
270,IVV,418.51,419.81,416.04,416.58,2021-05-21
271,IVV,418.93,421.94,418.69,420.77,2021-05-24
272,IVV,421.96,422.33,419.22,419.86,2021-05-25
273,IVV,420.47,421.21,419.37,420.63,2021-05-26
274,IVV,421.78,422.32,420.76,420.85,2021-05-27
275,IVV,422.65,422.89,421.45,421.65,2021-05-28
276,IVV,424.24,424.36,420.82,421.32,2021-06-01
277,IVV,421.96,422.86,420.93,422.02,2021-06-02
278,IVV,419.52,421.63,417.9,420.41,2021-06-03
279,IVV,422.37,424.56,422.32,424.24,2021-06-04
280,IVV,424.25,424.43,422.86,423.88,2021-06-07
281,IVV,424.82,424.88,421.98,423.9,2021-06-08
282,IVV,424.85,424.92,423.04,423.22,2021-06-09
283,IVV,423.42,425.04,421.99,424.04,2021-06-10
284,IVV,424.68,424.84,423.26,424.74,2021-06-11
285,IVV,424.92,425.78,423.54,425.76,2021-06-14
286,IVV,425.9,425.94,423.9988,424.93,2021-06-15
287,IVV,425.12,425.28,420.31,422.58,2021-06-16
288,IVV,422.08,423.44,419.75,422.45,2021-06-17
289,IVV,418.97,419.61,416.48,416.77,2021-06-18
290,IVV,418.62,422.87,417.73,422.65,2021-06-21
291,IVV,422.67,425.79,421.89,424.66,2021-06-22
292,IVV,424.97,425.86,424.33,424.41,2021-06-23
293,IVV,426.69,427.38,426.44,426.87,2021-06-24
294,IVV,427.76,428.91,427.4,428.44,2021-06-25
295,IVV,429.04,429.49,427.72,429.35,2021-06-28
296,IVV,429.76,430.3792,428.98,429.54,2021-06-29
297,IVV,429.06,430.6186,429.05,429.92,2021-06-30
298,IVV,430.71,432.47,430.66,432.35,2021-07-01
299,IVV,433.54,435.975,433.2,435.64,2021-07-02
300,IVV,435.67,435.87,431.87,434.53,2021-07-06
301,IVV,435.57,436.62,433.41,436.31,2021-07-07
302,IVV,430.65,433.6,429.39,432.81,2021-07-08
303,IVV,434.42,437.7,434.18,437.41,2021-07-09
304,IVV,437.31,439.27,436.86,439.03,2021-07-12
305,IVV,438.15,439.75,437.0,437.49,2021-07-13
306,IVV,439.3,439.81,436.8,438.07,2021-07-14
307,IVV,436.68,437.41,434.6,436.57,2021-07-15
308,IVV,437.87,437.96,432.7975,433.27,2021-07-16
309,IVV,428.04,428.55,423.81,426.8,2021-07-19
310,IVV,427.58,434.28,426.69,432.99,2021-07-20
311,IVV,434.21,436.58,434.04,436.5,2021-07-21
312,IVV,436.63,437.61,435.59,437.45,2021-07-22
313,IVV,439.42,442.2,438.71,441.76,2021-07-23
314,IVV,441.27,442.94,441.18,442.94,2021-07-26
315,IVV,441.83,441.87,437.89,440.92,2021-07-27
316,IVV,441.62,442.23,439.23,440.68,2021-07-28
317,IVV,441.74,443.7161,441.72,442.64,2021-07-29
318,IVV,439.82,441.98,439.71,440.4,2021-07-30
319,IVV,442.28,442.86,439.15,439.51,2021-08-02
320,IVV,440.32,443.17,438.01,443.02,2021-08-03
321,IVV,441.72,442.32,440.64,440.91,2021-08-04
322,IVV,442.14,443.78,441.83,443.65,2021-08-05
323,IVV,444.04,444.87,443.76,444.42,2021-08-06
324,IVV,444.42,444.72,443.24,444.11,2021-08-09
325,IVV,444.55,445.39,443.82,444.63,2021-08-10
326,IVV,445.78,445.84,444.57,445.68,2021-08-11
327,IVV,445.6,447.21,444.63,446.72,2021-08-12
328,IVV,447.54,447.88,447.04,447.85,2021-08-13
329,IVV,446.56,449.07,444.83,449.0,2021-08-16
330,IVV,446.15,446.91,442.78,445.95,2021-08-17
331,IVV,444.88,446.56,440.87,441.14,2021-08-18
332,IVV,438.19,443.05,438.03,441.79,2021-08-19
333,IVV,442.14,445.66,441.66,445.31,2021-08-20
334,IVV,447.12,450.21,447.11,449.19,2021-08-23
335,IVV,449.96,450.52,449.42,449.97,2021-08-24
336,IVV,450.17,451.45,449.75,450.91,2021-08-25
337,IVV,450.69,450.84,448.15,448.25,2021-08-26
338,IVV,449.07,452.65,449.06,452.19,2021-08-27
339,IVV,453.05,455.09,452.72,454.2,2021-08-30
340,IVV,454.19,454.51,452.95,453.71,2021-08-31
341,IVV,454.55,455.14,453.58,453.91,2021-09-01
342,IVV,455.35,456.08,453.96,455.27,2021-09-02
343,IVV,454.12,455.65,453.58,455.07,2021-09-03
344,IVV,454.75,454.83,452.76,453.6,2021-09-07
345,IVV,452.9,453.68,450.87,453.0,2021-09-08
346,IVV,452.69,454.58,450.73,450.98,2021-09-09
347,IVV,453.06,453.51,447.3,447.54,2021-09-10
348,IVV,450.68,450.93,446.09,448.58,2021-09-13
349,IVV,450.08,450.32,445.2,446.19,2021-09-14
350,IVV,446.6,450.39,445.45,449.9,2021-09-15
351,IVV,449.32,450.34,446.01,449.06,2021-09-16
352,IVV,448.37,448.78,444.42,444.73,2021-09-17
353,IVV,438.26,439.89,432.17,437.23,2021-09-20
354,IVV,439.89,441.25,436.415,436.98,2021-09-21
355,IVV,439.46,443.41,438.42,441.29,2021-09-22
356,IVV,443.25,448.29,442.98,446.58,2021-09-23
357,IVV,443.16,446.4,442.93,445.74,2021-09-24
358,IVV,444.54,445.77,443.61,444.34,2021-09-27
359,IVV,441.43,441.75,434.64,435.47,2021-09-28
360,IVV,436.89,438.73,435.55,436.22,2021-09-29
361,IVV,437.7,438.47,430.6,430.82,2021-09-30
362,IVV,432.7,437.729,428.935,435.95,2021-10-01
363,IVV,434.69,435.61,428.005,430.29,2021-10-04
364,IVV,431.97,437.17,431.09,434.8,2021-10-05
365,IVV,430.98,436.82,429.21,436.65,2021-10-06
366,IVV,440.13,443.39,439.9,440.27,2021-10-07
367,IVV,441.19,441.59,438.92,439.62,2021-10-08
368,IVV,438.855,441.97,436.31,436.34,2021-10-11
369,IVV,437.39,437.77,434.475,435.24,2021-10-12
370,IVV,436.37,437.74,433.23,436.79,2021-10-13
371,IVV,440.83,444.39,440.29,444.27,2021-10-14
372,IVV,446.55,448.0,445.84,447.68,2021-10-15
373,IVV,445.72,449.29,445.0,448.98,2021-10-18
374,IVV,450.73,452.51,450.06,452.51,2021-10-19
375,IVV,452.87,454.52,452.78,454.25,2021-10-20
376,IVV,453.55,455.64,453.1,455.43,2021-10-21
377,IVV,455.0,456.46,452.83,454.88,2021-10-22
378,IVV,456.07,457.7,454.17,457.26,2021-10-25
379,IVV,458.98,460.29,457.38,457.78,2021-10-26
380,IVV,458.26,458.95,455.67,455.74,2021-10-27
381,IVV,457.29,460.2,457.27,460.12,2021-10-28
382,IVV,457.7,461.39,457.38,460.99,2021-10-29
383,IVV,462.13,462.5199,460.02,461.94,2021-11-01
384,IVV,462.08,464.05,461.92,463.76,2021-11-02
385,IVV,463.14,466.97,462.68,466.61,2021-11-03
386,IVV,467.21,468.86,466.84,468.75,2021-11-04
387,IVV,471.1801,472.54,468.79,470.4,2021-11-05
388,IVV,471.57,472.1,470.08,470.89,2021-11-08
389,IVV,471.22,471.44,467.74,469.25,2021-11-09
390,IVV,467.47,469.25,463.88,465.54,2021-11-10
391,IVV,467.07,467.12,465.61,465.73,2021-11-11
392,IVV,467.03,469.72,465.97,469.16,2021-11-12
393,IVV,470.59,470.68,468.12,469.28,2021-11-15
394,IVV,469.06,472.38,468.97,471.15,2021-11-16
395,IVV,470.92,471.08,469.3407,470.04,2021-11-17
396,IVV,471.14,471.9,468.27,471.59,2021-11-18
397,IVV,471.45,472.82,470.4,470.82,2021-11-19
398,IVV,472.73,475.5,469.24,469.41,2021-11-22
399,IVV,469.19,470.95,466.31,470.06,2021-11-23
400,IVV,468.01,471.47,467.05,471.28,2021-11-24
401,IVV,464.23,465.73,459.6,460.62,2021-11-26
402,IVV,465.91,468.4242,463.6,466.5,2021-11-29
403,IVV,463.91,465.88,457.13,457.63,2021-11-30
404,IVV,463.45,466.51,452.07,452.29,2021-12-01
405,IVV,452.52,460.88,452.11,459.26,2021-12-02
406,IVV,460.96,462.09,450.74,455.14,2021-12-03
407,IVV,458.01,462.62,455.38,460.62,2021-12-06
408,IVV,466.28,470.75,466.23,470.19,2021-12-07
409,IVV,470.595,471.9,468.71,471.43,2021-12-08
410,IVV,470.05,471.0,468.04,468.25,2021-12-09
411,IVV,471.14,472.81,468.42,472.74,2021-12-10
412,IVV,470.66,470.94,466.71,467.07,2021-12-13
413,IVV,463.48,466.12,460.61,463.77,2021-12-14
414,IVV,463.83,471.27,461.14,471.06,2021-12-15
415,IVV,472.96,473.28,465.17,466.74,2021-12-16
416,IVV,463.52,466.73,460.06,462.11,2021-12-17
417,IVV,456.46,457.4,453.1,456.92,2021-12-20
418,IVV,460.57,465.24,458.32,465.06,2021-12-21
419,IVV,464.8,469.87,464.65,469.75,2021-12-22
420,IVV,470.82,474.23,470.71,472.63,2021-12-23
421,IVV,474.08,479.4,474.08,479.4,2021-12-27
422,IVV,479.84,480.9,478.12,479.03,2021-12-28
423,IVV,479.08,480.64,478.0,479.53,2021-12-29
424,IVV,480.04,481.09,477.76,478.18,2021-12-30
425,IVV,477.66,478.93,476.75,476.99,2021-12-31
426,IVV,478.38,479.9,475.91,479.84,2022-01-03
427,IVV,481.37,482.07,477.66,479.68,2022-01-04
428,IVV,479.27,480.03,470.29,470.33,2022-01-05
429,IVV,469.95,472.85,467.48,469.98,2022-01-06
430,IVV,470.02,471.25,466.67,468.1,2022-01-07
431,IVV,464.69,467.78,458.59,467.22,2022-01-10
432,IVV,467.26,471.9,464.05,471.83,2022-01-11
433,IVV,473.73,475.26,470.971,473.08,2022-01-12
434,IVV,474.22,474.92,465.49,466.59,2022-01-13
435,IVV,463.14,467.08,461.9,466.75,2022-01-14
436,IVV,461.7,461.94,457.33,458.5,2022-01-18
437,IVV,460.0,461.6,453.43,453.76,2022-01-19
438,IVV,455.74,460.75,448.21,448.72,2022-01-20
439,IVV,447.58,450.01,439.87,439.98,2022-01-21
440,IVV,433.95,442.32,422.56,441.52,2022-01-24
441,IVV,434.99,441.63,429.0111,436.44,2022-01-25
442,IVV,442.71,446.07,430.76,435.43,2022-01-26
443,IVV,440.19,443.5,431.33,433.16,2022-01-27
444,IVV,434.64,443.88,429.68,443.75,2022-01-28
445,IVV,443.11,452.24,441.77,451.77,2022-01-31
446,IVV,452.69,455.59,448.89,454.89,2022-02-01
447,IVV,457.57,460.14,455.04,459.26,2022-02-02
448,IVV,452.92,454.95,447.68,448.6,2022-02-03
449,IVV,448.24,454.77,445.8,450.85,2022-02-04
450,IVV,451.51,452.97,447.82,449.25,2022-02-07
451,IVV,448.71,453.88,447.18,452.82,2022-02-08
452,IVV,457.26,459.81,457.03,459.5,2022-02-09
453,IVV,453.39,459.72,449.2,451.38,2022-02-10
454,IVV,451.34,453.57,440.88,442.35,2022-02-11
455,IVV,441.88,443.53,437.26,440.91,2022-02-14
456,IVV,445.64,448.24,445.125,448.0,2022-02-15
457,IVV,445.76,450.01,443.89,448.51,2022-02-16
458,IVV,445.18,445.72,438.35,439.1,2022-02-17
459,IVV,439.34,440.5889,433.7209,436.07,2022-02-18
460,IVV,433.75,437.4,427.71,431.34,2022-02-22
461,IVV,434.48,435.15,423.17,423.48,2022-02-23
462,IVV,412.8,430.61,412.4,430.14,2022-02-24
463,IVV,431.44,439.77,429.755,439.61,2022-02-25
464,IVV,433.93,440.12,432.6,438.72,2022-02-28
465,IVV,437.0,439.09,429.09,431.92,2022-03-01
466,IVV,434.31,441.47,433.47,439.8,2022-03-02
467,IVV,442.44,443.03,435.76,437.69,2022-03-03
468,IVV,433.75,435.26,429.74,433.95,2022-03-04
469,IVV,433.44,433.69,421.19,421.2,2022-03-07
470,IVV,421.43,429.0,416.91,418.06,2022-03-08
471,IVV,427.04,431.37,424.66,429.31,2022-03-09
472,IVV,424.37,428.26,422.26,427.34,2022-03-10
473,IVV,430.05,430.63,421.36,422.01,2022-03-11
474,IVV,422.9,426.36,417.6,418.82,2022-03-14
475,IVV,421.54,428.68,420.24,428.04,2022-03-15
476,IVV,431.93,437.59,426.67,437.52,2022-03-16
477,IVV,435.44,443.08,435.14,442.96,2022-03-17
478,IVV,441.36,448.24,440.56,447.7,2022-03-18
479,IVV,447.72,449.83,444.02,447.61,2022-03-21
480,IVV,449.22,453.96,449.22,453.07,2022-03-22
481,IVV,450.36,451.8669,447.12,447.39,2022-03-23
482,IVV,447.79,452.39,446.65,452.36,2022-03-24
483,IVV,453.1,454.95,450.36,454.64,2022-03-25
484,IVV,453.95,457.86,452.0,457.83,2022-03-28
485,IVV,462.01,464.05,458.05,463.67,2022-03-29
486,IVV,462.51,463.165,458.44,460.79,2022-03-30
487,IVV,459.91,460.72,453.47,453.69,2022-03-31
488,IVV,455.26,455.42,451.08,454.79,2022-04-01
489,IVV,455.18,458.91,454.24,458.8,2022-04-04
490,IVV,457.24,459.79,451.82,452.89,2022-04-05
491,IVV,448.79,450.88,445.42,448.49,2022-04-06
492,IVV,447.54,452.62,445.45,450.71,2022-04-07
493,IVV,449.97,452.56,447.91,449.51,2022-04-08
494,IVV,446.02,446.89,441.3,441.74,2022-04-11
495,IVV,445.05,447.65,438.56,440.05,2022-04-12
496,IVV,440.05,445.98,439.74,445.2,2022-04-13
497,IVV,445.44,446.65,439.57,439.7,2022-04-14
498,IVV,438.71,441.64,437.53,439.86,2022-04-18
499,IVV,439.75,447.73,439.58,446.96,2022-04-19
500,IVV,448.88,449.5,445.41,446.56,2022-04-20
501,IVV,450.56,451.97,439.02,440.09,2022-04-21
502,IVV,438.8,439.09,427.3,427.78,2022-04-22
503,IVV,425.465,430.53,420.64,430.42,2022-04-25
504,IVV,427.7,427.87,417.84,417.89,2022-04-26
505,IVV,418.94,424.73,416.82,419.15,2022-04-27
506,IVV,424.1,431.48,419.4262,429.68,2022-04-28
507,IVV,425.48,427.68,412.98,413.56,2022-04-29
508,IVV,413.62,417.68,406.8,416.22,2022-05-02
509,IVV,416.82,420.73,415.155,418.15,2022-05-03
510,IVV,418.87,431.5,415.48,430.74,2022-05-04
511,IVV,426.35,426.43,411.2,415.45,2022-05-05
512,IVV,412.87,416.55,407.48,413.21,2022-05-06
513,IVV,406.8,408.09,398.28,399.92,2022-05-09
514,IVV,406.205,407.76,396.51,400.71,2022-05-10
515,IVV,399.78,405.69,393.62,394.39,2022-05-11
516,IVV,391.03,397.45,386.78,393.81,2022-05-12
517,IVV,398.38,404.88,397.34,403.41,2022-05-13
518,IVV,401.69,405.735,399.32,401.71,2022-05-16
519,IVV,408.24,410.33,404.33,410.03,2022-05-17
520,IVV,405.24,405.5,392.25,393.56,2022-05-18
521,IVV,390.17,395.74,388.74,391.1,2022-05-19
522,IVV,394.91,395.49,382.17,391.3,2022-05-20
523,IVV,394.57,399.42,392.0795,398.61,2022-05-23
524,IVV,394.21,396.79,388.63,395.75,2022-05-24
525,IVV,394.03,401.16,393.61,399.25,2022-05-25
526,IVV,400.43,408.8,400.2,407.06,2022-05-26
527,IVV,409.71,417.25,409.49,417.25,2022-05-27
528,IVV,415.36,418.3,411.83,414.87,2022-05-31
529,IVV,416.99,418.05,408.75,411.51,2022-06-01
530,IVV,411.25,419.29,408.84,419.26,2022-06-02
531,IVV,414.21,415.84,411.32,412.38,2022-06-03
532,IVV,416.69,418.41,412.36,413.62,2022-06-06
533,IVV,409.84,418.04,409.4,417.46,2022-06-07
534,IVV,415.75,417.62,412.19,412.94,2022-06-08
535,IVV,409.79,412.15,401.89,401.99,2022-06-09
536,IVV,395.3,396.1,390.09,390.13,2022-06-10
537,IVV,380.17,382.15,373.63,375.13,2022-06-13
538,IVV,377.2,378.24,370.89,374.13,2022-06-14
539,IVV,377.69,384.24,372.44,379.46,2022-06-15
540,IVV,370.83,371.2308,364.36,366.99,2022-06-16
541,IVV,367.44,371.27,364.03,367.66,2022-06-17
542,IVV,373.74,378.45,373.63,377.01,2022-06-21
543,IVV,372.57,380.66,372.09,376.36,2022-06-22
544,IVV,378.58,380.763,374.77,380.13,2022-06-23
545,IVV,383.34,392.08,383.34,392.0,2022-06-24
546,IVV,393.04,393.359,389.41,390.58,2022-06-27
547,IVV,392.14,395.14,382.5,382.61,2022-06-28
548,IVV,383.17,384.22,380.4,382.34,2022-06-29
549,IVV,378.2,382.58,374.52,379.15,2022-06-30
550,IVV,378.52,383.64,375.77,383.09,2022-07-01
551,IVV,377.87,383.97,374.83,383.91,2022-07-05
552,IVV,384.11,387.855,381.59,385.28,2022-07-06
553,IVV,387.16,391.84,387.12,390.99,2022-07-07
554,IVV,389.26,392.64,387.67,390.68,2022-07-08
555,IVV,387.85,388.85,385.5,386.23,2022-07-11
556,IVV,385.7,388.15,380.96,382.76,2022-07-12
557,IVV,377.01,383.88,376.58,380.8,2022-07-13
558,IVV,375.55,380.49,372.97,379.88,2022-07-14
559,IVV,384.55,387.22,382.51,387.13,2022-07-15
560,IVV,390.36,391.05,382.65,384.0,2022-07-18
561,IVV,388.03,394.89,387.4,394.32,2022-07-19
562,IVV,394.45,398.31,393.09,396.76,2022-07-20
563,IVV,396.2,400.91,393.71,400.81,2022-07-21
564,IVV,400.99,402.24,394.8049,397.24,2022-07-22
565,IVV,397.82,398.55,395.29,397.65,2022-07-25
566,IVV,395.8601,396.09,391.98,392.93,2022-07-26
567,IVV,396.45,404.98,396.18,403.09,2022-07-27
568,IVV,403.97,408.91,400.26,408.21,2022-07-28
569,IVV,409.83,415.2,408.92,414.28,2022-07-29
570,IVV,411.34,415.58,410.57,412.95,2022-08-01
571,IVV,411.27,415.15,408.95,410.32,2022-08-02
572,IVV,412.49,417.9,412.21,416.72,2022-08-03
573,IVV,416.57,417.26,414.65,416.32,2022-08-04
574,IVV,411.83,416.35,411.78,415.59,2022-08-05
575,IVV,417.5,419.84,414.0,415.23,2022-08-08
576,IVV,414.43,414.89,412.38,413.49,2022-08-09
577,IVV,421.01,422.36,418.97,422.15,2022-08-10
578,IVV,425.26,427.21,421.47,422.3,2022-08-11
579,IVV,424.3,429.48,423.28,429.25,2022-08-12
580,IVV,427.13,431.69,427.0,431.14,2022-08-15
581,IVV,430.05,434.0299,429.2399,432.04,2022-08-16
582,IVV,428.2,431.81,426.81,428.79,2022-08-17
583,IVV,429.14,430.89,427.78,430.05,2022-08-18
584,IVV,427.26,427.54,423.47,424.36,2022-08-19
585,IVV,419.28,419.39,414.58,415.46,2022-08-22
586,IVV,415.09,417.6,413.94,414.54,2022-08-23
587,IVV,414.33,417.3199,413.58,415.83,2022-08-24
588,IVV,417.48,421.81,416.3526,421.69,2022-08-25
589,IVV,421.7,422.16,407.28,407.28,2022-08-26
590,IVV,404.32,407.96,403.3,404.83,2022-08-29
591,IVV,405.98,406.205,398.1,400.19,2022-08-30
592,IVV,402.0,403.3,397.09,397.18,2022-08-31
593,IVV,394.9,398.82,392.06,398.54,2022-09-01
594,IVV,402.38,403.6526,392.33,394.28,2022-09-02
595,IVV,395.25,396.26,390.45,392.71,2022-09-06
596,IVV,392.42,400.67,392.28,399.82,2022-09-07
597,IVV,397.39,402.94,396.2,402.34,2022-09-08
598,IVV,404.8,409.67,404.65,408.76,2022-09-09
599,IVV,410.96,413.94,410.65,413.17,2022-09-12
600,IVV,403.94,405.21,394.01,395.14,2022-09-13
601,IVV,396.46,398.24,393.14,396.65,2022-09-14
602,IVV,395.06,398.03,390.82,392.07,2022-09-15
603,IVV,387.73,389.86,385.69,389.1,2022-09-16
604,IVV,385.8,392.17,385.76,392.13,2022-09-19
605,IVV,388.66,389.66,384.765,387.52,2022-09-20
606,IVV,389.72,392.93,380.9,380.91,2022-09-21
607,IVV,380.11,381.1,376.92,377.69,2022-09-22
608,IVV,373.98,374.02,366.695,371.42,2022-09-23
609,IVV,367.94,371.72,364.51,365.87,2022-09-26
610,IVV,369.53,371.93,362.35,364.93,2022-09-27
611,IVV,365.82,373.8,364.07,372.02,2022-09-28
612,IVV,368.34,368.56,361.18,364.37,2022-09-29
613,IVV,363.3,367.35,358.53,358.65,2022-09-30
614,IVV,362.55,370.07,360.67,368.14,2022-10-03
615,IVV,373.89,379.53,373.87,379.41,2022-10-04
616,IVV,374.88,381.0,372.46,378.52,2022-10-05
617,IVV,377.14,380.23,374.26,374.78,2022-10-06
618,IVV,370.47,370.78,362.42,364.33,2022-10-07
619,IVV,365.47,365.7,359.15,361.62,2022-10-10
620,IVV,359.7,364.4896,357.17,359.14,2022-10-11
621,IVV,359.67,361.25,357.77,357.98,2022-10-12
622,IVV,350.61,369.02,349.53,367.51,2022-10-13
623,IVV,370.04,371.73,358.43,359.09,2022-10-14
624,IVV,365.5,369.44,365.48,368.33,2022-10-17
625,IVV,376.69,376.96,369.08,372.55,2022-10-18
626,IVV,370.48,373.36,367.05,370.1,2022-10-19
627,IVV,369.52,374.17,366.135,366.95,2022-10-20
628,IVV,366.62,376.3477,365.1,375.81,2022-10-21
629,IVV,377.47,381.62,374.6504,380.43,2022-10-24
630,IVV,380.37,386.87,380.29,386.54,2022-10-25
631,IVV,383.21,389.1853,382.97,383.62,2022-10-26
632,IVV,384.7,386.59,380.91,381.58,2022-10-27
633,IVV,381.49,391.15,381.28,390.53,2022-10-28
634,IVV,388.03,390.6897,386.86,387.79,2022-10-31
635,IVV,391.77,392.0,384.95,386.25,2022-11-01
636,IVV,385.58,390.21,376.22,376.35,2022-11-02
637,IVV,372.94,375.69,370.31,372.57,2022-11-03
638,IVV,378.51,380.4,371.53,377.84,2022-11-04
639,IVV,379.27,382.14,377.08,381.53,2022-11-07
640,IVV,382.68,386.68,379.2701,383.6,2022-11-08
641,IVV,381.43,382.71,375.18,375.77,2022-11-09
642,IVV,389.63,396.7,387.27,396.35,2022-11-10
643,IVV,397.34,401.06,395.11,400.17,2022-11-11
644,IVV,398.36,401.905,396.58,396.81,2022-11-14
645,IVV,402.9,404.03,396.2,400.18,2022-11-15
646,IVV,398.45,399.45,396.49,397.24,2022-11-16
647,IVV,392.21,396.65,391.81,395.9,2022-11-17
648,IVV,399.44,399.5,394.73,397.78,2022-11-18
649,IVV,396.38,397.47,394.39,396.26,2022-11-21
650,IVV,398.33,401.81,396.88,401.72,2022-11-22
651,IVV,401.27,404.69,401.11,404.12,2022-11-23
652,IVV,403.61,404.69,403.33,404.09,2022-11-25
653,IVV,400.8301,402.56,396.8225,397.69,2022-11-28
654,IVV,397.76,399.03,395.0,397.01,2022-11-29
655,IVV,397.21,409.32,395.19,409.32,2022-11-30
656,IVV,410.68,411.94,406.53,409.15,2022-12-01
657,IVV,403.95,409.65,403.95,408.71,2022-12-02
658,IVV,405.73,406.72,399.93,401.35,2022-12-05
659,IVV,401.14,401.65,393.31,395.61,2022-12-06
660,IVV,394.42,397.32,393.62,394.85,2022-12-07
661,IVV,396.82,399.05,395.15,397.95,2022-12-08
662,IVV,396.64,399.34,394.85,395.01,2022-12-09
663,IVV,395.869,400.66,395.11,400.55,2022-12-12
664,IVV,410.33,410.44,399.13,402.01,2022-12-13
665,IVV,401.61,405.6,396.36,399.6,2022-12-14
666,IVV,394.34,395.245,387.88,389.7,2022-12-15
667,IVV,386.9,388.27,382.79,384.94,2022-12-16
668,IVV,385.26,385.56,380.01,381.74,2022-12-19
669,IVV,380.97,383.91,379.615,382.18,2022-12-20
670,IVV,385.13,389.16,384.44,387.88,2022-12-21
671,IVV,384.76,385.08,376.49,382.6,2022-12-22
672,IVV,381.44,384.7601,379.77,384.59,2022-12-23
673,IVV,384.55,384.87,381.42,383.11,2022-12-27
674,IVV,383.09,385.15,378.15,378.46,2022-12-28
675,IVV,381.37,386.06,380.84,385.01,2022-12-29
676,IVV,382.42,384.27,380.17,384.21,2022-12-30
677,IVV,386.12,388.1099,379.6,382.53,2023-01-03
678,IVV,384.94,387.63,381.77,385.51,2023-01-04
679,IVV,383.44,383.545,380.53,381.13,2023-01-05
680,IVV,384.35,391.03,381.23,389.83,2023-01-06
681,IVV,392.17,395.5,389.43,389.56,2023-01-09
682,IVV,389.02,392.44,388.04,392.36,2023-01-10
683,IVV,394.06,397.4,393.22,397.25,2023-01-11
684,IVV,398.47,400.31,394.23,398.8,2023-01-12
685,IVV,395.46,400.92,395.15,400.37,2023-01-13
686,IVV,400.37,402.065,398.92,399.63,2023-01-17
687,IVV,400.87,401.94,393.15,393.33,2023-01-18
688,IVV,391.1,392.8731,389.08,390.53,2023-01-19
689,IVV,391.88,397.88,390.19,397.7,2023-01-20
690,IVV,398.55,404.52,397.6,402.42,2023-01-23
691,IVV,400.7521,403.04,399.5,402.15,2023-01-24
692,IVV,397.75,402.57,395.42,402.22,2023-01-25
693,IVV,405.04,406.8,401.92,406.64,2023-01-26
694,IVV,405.48,410.07,405.39,407.65,2023-01-27
695,IVV,404.66,407.02,402.2,402.47,2023-01-30
696,IVV,403.0,408.4,402.67,408.31,2023-01-31
697,IVV,407.1,415.59,404.22,412.67,2023-02-01
698,IVV,416.8,420.25,414.8,418.66,2023-02-02
699,IVV,413.52,418.95,413.04,414.35,2023-02-03
700,IVV,411.74,413.24,410.03,411.8,2023-02-06
701,IVV,410.77,418.43,409.53,417.12,2023-02-07
702,IVV,415.05,416.46,411.88,412.57,2023-02-08
703,IVV,416.3775,416.52,407.73,409.07,2023-02-09
704,IVV,407.71,410.36,406.93,409.96,2023-02-10
705,IVV,410.669,414.85,410.19,414.78,2023-02-13
706,IVV,413.16,417.0,410.446,414.56,2023-02-14
707,IVV,412.26,415.96,411.44,415.88,2023-02-15
708,IVV,410.74,414.82,410.08,410.28,2023-02-16
709,IVV,407.95,409.39,405.95,409.14,2023-02-17
710,IVV,404.92,406.0,400.68,401.03,2023-02-21
711,IVV,401.38,402.98,398.85,400.35,2023-02-22
712,IVV,403.46,404.045,398.1,402.46,2023-02-23
713,IVV,397.21,399.07,395.48,398.11,2023-02-24
714,IVV,401.74,403.15,398.61,399.5,2023-02-27
715,IVV,399.06,401.11,397.97,397.97,2023-02-28
716,IVV,397.22,398.5,395.2,396.55,2023-03-01
717,IVV,394.498,400.53,394.2023,399.67,2023-03-02
718,IVV,401.58,406.34,400.91,406.08,2023-03-03
719,IVV,407.06,409.38,405.9641,406.54,2023-03-06
720,IVV,406.34,406.58,399.49,400.13,2023-03-07
721,IVV,400.3,401.5899,398.44,400.83,2023-03-08
722,IVV,401.63,403.33,392.32,393.41,2023-03-09
723,IVV,392.85,394.945,386.11,387.88,2023-03-10
724,IVV,383.5,392.05,382.37,387.07,2023-03-13
725,IVV,392.32,395.26,388.82,393.58,2023-03-14
726,IVV,387.59,391.2,385.45,391.16,2023-03-15
727,IVV,388.66,398.25,388.05,397.89,2023-03-16
728,IVV,396.6,397.7,391.86,393.17,2023-03-17
729,IVV,394.14,397.5,393.38,397.07,2023-03-20
730,IVV,400.63,402.82,398.95,402.23,2023-03-21
731,IVV,402.13,405.87,395.41,395.49,2023-03-22
732,IVV,396.89,401.02,392.08,394.84,2023-03-23
733,IVV,393.54,397.524,391.09,397.45,2023-03-24
734,IVV,399.93,400.625,397.29,398.14,2023-03-27
735,IVV,397.47,398.21,395.4001,397.4,2023-03-28
736,IVV,401.66,403.37,400.45,403.15,2023-03-29
737,IVV,405.84,406.1,403.4812,405.39,2023-03-30
738,IVV,406.48,411.44,406.35,411.08,2023-03-31
739,IVV,410.71,413.16,410.2,412.54,2023-04-03
740,IVV,413.42,413.69,409.0,410.43,2023-04-04
741,IVV,409.74,410.48,407.65,409.46,2023-04-05
742,IVV,408.57,411.265,407.44,411.01,2023-04-06
743,IVV,408.37,411.5,407.76,411.48,2023-04-10
744,IVV,412.02,412.97,410.69,411.47,2023-04-11
745,IVV,413.68,413.94,409.225,409.93,2023-04-12
746,IVV,411.04,415.62,410.5,415.27,2023-04-13
747,IVV,414.64,416.89,411.85,414.25,2023-04-14
748,IVV,414.14,415.85,412.88,415.78,2023-04-17
749,IVV,417.44,417.52,414.6,416.02,2023-04-18
750,IVV,414.02,416.87,413.98,415.99,2023-04-19
751,IVV,412.96,415.5,412.0701,413.66,2023-04-20
752,IVV,413.99,414.46,412.0,413.89,2023-04-21
753,IVV,413.75,414.8496,412.39,414.41,2023-04-24
754,IVV,412.34,412.89,407.79,407.83,2023-04-25
755,IVV,408.47,409.59,405.54,406.17,2023-04-25
